times,cells
0.0,8677.144667564879
1.5000001000000065,26920.855989518855
3.000000200000013,63176.862474499016
4.5000003000000195,249712.05465715908
6.000000400000026,442178.3695811651
7.5000005000000325,802923.5636553674
9.000000600000039,875907.6215587674
10.500000700000045,856617.31079041
12.000000800000052,885705.6017238448
13.500000900000058,912408.7159219394
